surface_id,lesson,family_id,communicative_moment,exact_french,english_meaning,scene,register,treatment,chunks_used,origin,founder_verdict,founder_note,human_qa_verdict,reviewer_correction,reviewer_natural_alternatives,reviewer_register_note,reviewer_rationale,reviewer_name,review_date
S-L01-01,L1,F-CAFE-OPEN,You walk in and open the exchange.,Bonjour.,Hello.,You walk in and open the exchange.,vous / learner speaking,PRODUCE,bonjour,L1-SE-001 (preserved),,,,,,,,,
S-L01-02,L1,F-CAFE-ORDER,You have already greeted; now you order.,Je voudrais un café.,I would like a coffee.,You have already greeted; now you order.,vous / learner speaking,PRODUCE,je voudrais | un café,L1-SE-002 (preserved),,,,,,,,,
S-L01-03,L1,F-CAFE-ORDER,Greeting and order in one turn.,"Bonjour, je voudrais un café.","Hello, I would like a coffee.",Greeting and order in one turn.,vous / learner speaking,PRODUCE,bonjour | je voudrais | un café,L1-SE-003 (preserved),,,,,,,,,
S-L01-04,L1,F-CAFE-ORDER,The full polite order — the central L1 sentence.,"Bonjour, je voudrais un café, s'il vous plaît.","Hello, I would like a coffee, please.",The full polite order — the central L1 sentence.,vous / learner speaking,PRODUCE,bonjour | je voudrais | un café | s'il vous plaît,"L1-SE-004 (preserved, anchor)",,,,,,,,,
S-L01-05,L1,F-CAFE-ORDER,Ordering when you have already said hello.,"Je voudrais un café, s'il vous plaît.","I would like a coffee, please.",Ordering when you have already said hello.,vous / learner speaking,PRODUCE,je voudrais | un café | s'il vous plaît,L1-SE-005 (preserved),,,,,,,,,
S-L01-06,L1,F-CAFE-ORDER,The short order a regular gives at a busy counter.,"Un café, s'il vous plaît.","A coffee, please.",The short order a regular gives at a busy counter.,vous / learner speaking,PRODUCE,un café | s'il vous plaît,L1-SE-006 (preserved),,,,,,,,,
S-L01-07,L1,F-TEA-ORDER,"Same order, different drink; the words for the tea are in front of you.","Je voudrais un thé, s'il vous plaît.","I would like a tea, please.","Same order, different drink; the words for the tea are in front of you.",vous / learner speaking,SUPPORTED,je voudrais | un thé | s'il vous plaît,L1-SE-007 (preserved),,,,,,,,,
S-L01-08,L1,F-TEA-ORDER,The short tea order; the words are in front of you.,"Un thé, s'il vous plaît.","A tea, please.",The short tea order; the words are in front of you.,vous / learner speaking,SUPPORTED,un thé | s'il vous plaît,L1-SE-008 (preserved),,,,,,,,,
S-L01-09,L1,F-THANKS,The drink arrives and you thank them.,Merci.,Thank you.,The drink arrives and you thank them.,vous / learner speaking,PRODUCE,merci,L1-SE-009 (preserved),,,,,,,,,
S-L01-10,L1,F-CLOSE,You close the exchange and leave.,Au revoir.,Goodbye.,You close the exchange and leave.,vous / learner speaking,PRODUCE,au revoir,L1-SE-010 (preserved),,,,,,,,,
S-L01-11,L1,F-CLOSE,Thanks and goodbye as one exit.,"Merci, au revoir.","Thank you, goodbye.",Thanks and goodbye as one exit.,vous / learner speaking,PRODUCE,merci | au revoir,L1-SE-011 (preserved),,,,,,,,,
S-L01-12,L1,F-PLEASE,"The formula shown and heard on its own, never demanded alone.",S'il vous plaît.,Please.,"The formula shown and heard on its own, never demanded alone.",vous / read or heard only,READ/LISTEN,s'il vous plaît,L1-SE-012 (preserved),,,,,,,,,
S-L01-13,L1,F-REPAIR,You lost the thread; the formula is in front of you.,Je ne comprends pas.,I don't understand.,You lost the thread; the formula is in front of you.,vous / learner speaking,SUPPORTED,je ne comprends pas,L1-SE-013 (preserved),,,,,,,,,
S-L01-14,L1,F-REPAIR,Asking for a repeat; the formula is in front of you.,Vous pouvez répéter ?,Can you say that again?,Asking for a repeat; the formula is in front of you.,vous / learner speaking,SUPPORTED,vous pouvez répéter ?,L1-SE-014 (preserved),,,,,,,,,
S-L01-15,L1,F-REPAIR,The whole recovery move in one turn.,Je ne comprends pas. Vous pouvez répéter ?,I don't understand. Can you say that again?,The whole recovery move in one turn.,vous / learner speaking,SUPPORTED,je ne comprends pas | vous pouvez répéter ?,L1-SE-015 (preserved),,,,,,,,,
S-L01-16,L1,F-REPAIR,Interrupting politely to say you are lost.,"Excusez-moi, je ne comprends pas.","Excuse me, I don't understand.",Interrupting politely to say you are lost.,vous / learner speaking,SUPPORTED,excusez-moi | je ne comprends pas,L1-SE-016 (preserved),,,,,,,,,
S-L01-17,L1,F-ATTENTION,Getting someone's attention — not an apology.,Excusez-moi.,Excuse me.,Getting someone's attention — not an apology.,vous / learner speaking,SUPPORTED,excusez-moi,L1-SE-017 (preserved),,,,,,,,,
S-L01-18,L1,F-REGISTER,"Shown as a contrast: real French, but blunt with a stranger.",Je veux un café.,I want a coffee.,"Shown as a contrast: real French, but blunt with a stranger.",vous / shown as a comparison,CONTRAST,je veux,L1-SE-018 (preserved),,,,,,,,,
S-L01-19,L1,F-ADDRESS,The server greets you; you only hear it.,"Bonjour, monsieur.","Hello, sir.",The server greets you; you only hear it.,vous / heard from the other person,INTERLOCUTOR,monsieur,L1-SE-019 (preserved),,,,,,,,,
S-L01-20,L1,F-ADDRESS,The server greets you; you only hear it.,"Bonjour, madame.","Hello, madam.",The server greets you; you only hear it.,vous / heard from the other person,INTERLOCUTOR,madame,L1-SE-020 (preserved),,,,,,,,,
S-L01-21,L1,F-OFFER,"The server offers, with a rising tone.","Un café, madame ?","A coffee, madam?","The server offers, with a rising tone.",vous / heard from the other person,INTERLOCUTOR,un café | madame,L1-SE-021 (preserved),,,,,,,,,
S-L01-22,L1,F-OFFER,"The server repeats your order back, flat.",Un café.,One coffee.,"The server repeats your order back, flat.",vous / heard from the other person,INTERLOCUTOR,un café,L1-SE-023 (preserved),,,,,,,,,
S-L01-23,L1,F-OFFER,The server offers something extra; heard only.,Un croissant ?,A croissant?,The server offers something extra; heard only.,vous / heard from the other person,INTERLOCUTOR,un croissant,L1-SE-024 (preserved),,,,,,,,,
S-L01-24,L1,F-HANDOVER,The drink is set down in front of you.,Voilà.,Here you are.,The drink is set down in front of you.,vous / heard from the other person,INTERLOCUTOR,voilà,L1-SE-025 (preserved),,,,,,,,,
S-L01-25,L1,F-HANDOVER,"The same handover, addressed.","Voilà, monsieur.","Here you are, sir.","The same handover, addressed.",vous / heard from the other person,INTERLOCUTOR,voilà | monsieur,L1-SE-026 (preserved),,,,,,,,,
S-L01-26,L1,F-THANKS,"Shown after your own thanks, as a warmer version.","Merci, madame.","Thank you, madam.","Shown after your own thanks, as a warmer version.",vous / learner speaking,MODEL,merci | madame,L1-SE-027 (preserved),,,,,,,,,
S-L01-27,L1,F-CLOSE,"The server's close, shown as a model.","Au revoir, madame.","Goodbye, madam.","The server's close, shown as a model.",vous / learner speaking,MODEL,au revoir | madame,L1-SE-028 (preserved),,,,,,,,,
S-L01-28,L1,F-CAFE-WHOLE,One natural way to run the whole order.,"Bonjour, je voudrais un café, s'il vous plaît. Merci !","Hello, I would like a coffee, please. Thank you!",One natural way to run the whole order.,vous / learner speaking,MODEL,bonjour | je voudrais | un café | s'il vous plaît | merci,L1-SE-030 (preserved),,,,,,,,,
S-L01-29,L1,F-CAFE-WHOLE,"The shorter, more casual way to run the same order.","Bonjour, un café, s'il vous plaît. Merci !","Hello, a coffee, please. Thank you!","The shorter, more casual way to run the same order.",vous / learner speaking,MODEL,bonjour | un café | s'il vous plaît | merci,L1-SE-031 (preserved),,,,,,,,,
S-L01-30,L1,F-CLOSE,"A warmer exit, shown after yours.","Merci beaucoup, au revoir !","Thank you very much, goodbye!","A warmer exit, shown after yours.",vous / learner speaking,MODEL,merci beaucoup | au revoir,L1-SE-033 (preserved),,,,,,,,,
S-L02-01,L2,F-LOCATE,Someone calls your name and you answer.,Je suis ici.,I am here.,Someone calls your name and you answer.,vous / learner speaking,PRODUCE,je suis | ici,shipped L2,,,,,,,,,
S-L02-02,L2,F-LOCATE,You step into the room and greet before placing yourself.,"Bonjour, je suis ici.","Hello, I am here.",You step into the room and greet before placing yourself.,vous / learner speaking,PRODUCE,bonjour | je suis | ici,"shipped L2 (met, produced in L6)",,,,,,,,,
S-L02-03,L2,F-LOCATE,The same answer with the other place word; both are normal.,Je suis là.,I'm here.,The same answer with the other place word; both are normal.,vous / learner speaking,ACCEPTED ALTERNATIVE,je suis | là,new,,,,,,,,,
S-L02-04,L2,F-LATE,"The opposite of being late, said with relief.",Je suis à l'heure.,I'm on time.,"The opposite of being late, said with relief.",vous / read or heard only,READ/LISTEN,je suis | à l'heure,new,,,,,,,,,
S-L02-05,L2,F-LATE,You arrive after things have started.,Je suis en retard.,I'm late.,You arrive after things have started.,vous / learner speaking,SUPPORTED,je suis | en retard,new,,,,,,,,,
S-L02-06,L2,F-LATE,Slipping in once the room is already busy.,"Excusez-moi, je suis en retard.","Excuse me, I'm late.",Slipping in once the room is already busy.,vous / learner speaking,SUPPORTED,excusez-moi | je suis | en retard,new,,,,,,,,,
S-L02-07,L2,F-LATE,Greeting and owning it in one turn.,"Bonjour, je suis en retard.","Hello, I'm late.",Greeting and owning it in one turn.,vous / learner speaking,PRODUCE,bonjour | je suis | en retard,new,,,,,,,,,
S-L02-08,L2,F-LOCATE,"Shown as a contrast: same meaning, more emphasis on you.","Moi, je suis ici.","Me, I'm here.","Shown as a contrast: same meaning, more emphasis on you.",vous / shown as a comparison,CONTRAST,je suis | ici,new,,,,,,,,,
S-L02-09,L2,F-STATE,The same shape naming a state instead of a place (man speaking).,Je suis fatigué.,I'm tired.,The same shape naming a state instead of a place (man speaking).,vous / read or heard only,READ/LISTEN,je suis | fatigué,new,,,,,,,,,
S-L02-10,L2,F-STATE,The same sentence when a woman says it.,Je suis fatiguée.,I'm tired.,The same sentence when a woman says it.,vous / read or heard only,READ/LISTEN,je suis | fatiguée,new,,,,,,,,,
S-L02-11,L2,F-STATE,"Another state, shown beside the place (man speaking).",Je suis prêt.,I'm ready.,"Another state, shown beside the place (man speaking).",vous / read or heard only,READ/LISTEN,je suis | prêt,shipped L2 insight,,,,,,,,,
S-L02-12,L2,F-STATE,The same sentence when a woman says it.,Je suis prête.,I'm ready.,The same sentence when a woman says it.,vous / read or heard only,READ/LISTEN,je suis | prête,new,,,,,,,,,
S-L02-13,L2,F-SORRY,Heard after arriving late (man speaking).,Je suis désolé.,I'm sorry.,Heard after arriving late (man speaking).,vous / read or heard only,READ/LISTEN,je suis | désolé,new,,,,,,,,,
S-L02-14,L2,F-SORRY,The same apology when a woman says it.,Je suis désolée.,I'm sorry.,The same apology when a woman says it.,vous / read or heard only,READ/LISTEN,je suis | désolée,new,,,,,,,,,
S-L02-15,L2,F-ASK-LOCATE,Someone checks whether you have arrived.,Vous êtes ici ?,Are you here?,Someone checks whether you have arrived.,vous / heard from the other person,INTERLOCUTOR,vous êtes | ici,new,,,,,,,,,
S-L02-16,L2,F-ASK-LOCATE,"The same check, called through a door.",Vous êtes là ?,Are you there?,"The same check, called through a door.",vous / heard from the other person,INTERLOCUTOR,vous êtes | là,new,,,,,,,,,
S-L02-17,L2,F-ASK-LOCATE,They spot you and are pleased.,"Ah, vous êtes là !","Ah, there you are!",They spot you and are pleased.,vous / heard from the other person,INTERLOCUTOR,vous êtes | là,new,,,,,,,,,
S-L02-18,L2,F-ASK-STATE,Someone asks if you are set (asking a man).,Vous êtes prêt ?,Are you ready?,Someone asks if you are set (asking a man).,vous / heard from the other person,INTERLOCUTOR,vous êtes | prêt,new,,,,,,,,,
S-L02-19,L2,F-ASK-STATE,The same question asked of a woman.,Vous êtes prête ?,Are you ready?,The same question asked of a woman.,vous / heard from the other person,INTERLOCUTOR,vous êtes | prête,new,,,,,,,,,
S-L02-20,L2,F-LATE,"Said to you, without reproach.",Vous êtes en retard.,You're late.,"Said to you, without reproach.",vous / heard from the other person,INTERLOCUTOR,vous êtes | en retard,new,,,,,,,,,
S-L02-21,L2,F-REASSURE,The reply after you say you're late.,Ce n'est pas grave.,It's fine / no harm done.,The reply after you say you're late.,vous / heard from the other person,INTERLOCUTOR,ce n'est pas grave,new,,,,,,,,,
S-L02-22,L2,F-AMBIENT,Heard at the door; you only need to understand it.,Entrez.,Come in.,Heard at the door; you only need to understand it.,vous / heard from the other person,INTERLOCUTOR,entrez,new,,,,,,,,,
S-L02-23,L2,F-AMBIENT,Someone shows you where to go.,Par ici.,This way.,Someone shows you where to go.,vous / heard from the other person,INTERLOCUTOR,par ici,new,,,,,,,,,
S-L02-24,L2,F-AMBIENT,Heard while someone finishes something.,Une seconde.,One second.,Heard while someone finishes something.,vous / heard from the other person,INTERLOCUTOR,une seconde,new,,,,,,,,,
S-L02-25,L2,F-AMBIENT,Heard as you are shown in.,Asseyez-vous.,Have a seat.,Heard as you are shown in.,vous / heard from the other person,INTERLOCUTOR,asseyez-vous,new,,,,,,,,,
S-L02-26,L2,F-ARRIVAL,One natural way to run a whole small arrival.,Bonjour. Je suis ici. Merci.,Hello. I'm here. Thank you.,One natural way to run a whole small arrival.,vous / learner speaking,MODEL,bonjour | je suis | ici | merci,new,,,,,,,,,
S-L02-27,L2,F-ARRIVAL,The same arrival on a day that went wrong.,"Bonjour, je suis en retard. Excusez-moi.","Hello, I'm late. Sorry.",The same arrival on a day that went wrong.,vous / learner speaking,MODEL,bonjour | je suis | en retard | excusez-moi,new,,,,,,,,,
S-L02-28,L2,F-REPAIR,Still available when the room answers too fast.,Je ne comprends pas.,I don't understand.,Still available when the room answers too fast.,vous / learner speaking,SUPPORTED,je ne comprends pas,"L1 seed, recycled",,,,,,,,,
S-L02-29,L2,F-REPAIR,The second half of the same recovery.,Vous pouvez répéter ?,Can you say that again?,The second half of the same recovery.,vous / learner speaking,SUPPORTED,vous pouvez répéter ?,"L1 seed, recycled",,,,,,,,,
S-L02-30,L2,F-ATTENTION,Getting attention before you place yourself.,Excusez-moi.,Excuse me.,Getting attention before you place yourself.,vous / learner speaking,SUPPORTED,excusez-moi,"L1 seed, recycled",,,,,,,,,
S-L03-01,L3,F-NO,The fastest answer there is.,Non.,No.,The fastest answer there is.,vous / learner speaking,PRODUCE,non,shipped L3,,,,,,,,,
S-L03-02,L3,F-YES,"Its opposite, just as fast.",Oui.,Yes.,"Its opposite, just as fast.",vous / learner speaking,PRODUCE,oui,shipped L3,,,,,,,,,
S-L03-03,L3,F-REFUSE,Turning down an offer without being sharp.,"Non, merci.","No, thank you.",Turning down an offer without being sharp.,vous / learner speaking,PRODUCE,non | merci,shipped L3 (choice only),,,,,,,,,
S-L03-04,L3,F-REFUSE,The same refusal written without the comma.,Non merci.,No thanks.,The same refusal written without the comma.,vous / learner speaking,ACCEPTED ALTERNATIVE,non merci,shipped L3,,,,,,,,,
S-L03-05,L3,F-ACCEPT,Accepting the same offer.,"Oui, merci.","Yes, thank you.",Accepting the same offer.,vous / learner speaking,PRODUCE,oui | merci,new,,,,,,,,,
S-L03-06,L3,F-NOT-HERE,Someone is looking for you in the wrong room.,Je ne suis pas ici.,I am not here.,Someone is looking for you in the wrong room.,vous / learner speaking,PRODUCE,je ne suis pas | ici,shipped L3,,,,,,,,,
S-L03-07,L3,F-NOT-HERE,"Answering first, then explaining.","Non, je ne suis pas ici.","No, I am not here.","Answering first, then explaining.",vous / learner speaking,PRODUCE,non | je ne suis pas | ici,shipped L3,,,,,,,,,
S-L03-08,L3,F-NOT-HERE,The same answer with the other place word.,Je ne suis pas là.,I'm not there.,The same answer with the other place word.,vous / learner speaking,ACCEPTED ALTERNATIVE,je ne suis pas | là,new,,,,,,,,,
S-L03-09,L3,F-NOT-THE-PLACE,Someone points at the wrong place.,Ce n'est pas ici.,It is not here.,Someone points at the wrong place.,vous / learner speaking,PRODUCE,ce n'est pas | ici,shipped L3,,,,,,,,,
S-L03-10,L3,F-NOT-THE-PLACE,Answering a where-question in the negative.,"Non, ce n'est pas ici.","No, it is not here.",Answering a where-question in the negative.,vous / learner speaking,PRODUCE,non | ce n'est pas | ici,new,,,,,,,,,
S-L03-11,L3,F-REPAIR,Now built from the wrap the lesson teaches.,Je ne comprends pas.,I don't understand.,Now built from the wrap the lesson teaches.,vous / learner speaking,PRODUCE,je ne comprends pas,"L1 seed, owned here",,,,,,,,,
S-L03-12,L3,F-REPAIR,Interrupting politely to say you are lost.,"Excusez-moi, je ne comprends pas.","Excuse me, I don't understand.",Interrupting politely to say you are lost.,vous / learner speaking,SUPPORTED,excusez-moi | je ne comprends pas,"L1 seed, recycled",,,,,,,,,
S-L03-13,L3,F-REPAIR,The repeat request that follows it.,Vous pouvez répéter ?,Can you say that again?,The repeat request that follows it.,vous / learner speaking,SUPPORTED,vous pouvez répéter ?,"L1 seed, recycled",,,,,,,,,
S-L03-14,L3,F-NOT-STATE,The same wrap on a different state.,Je ne suis pas en retard.,I'm not late.,The same wrap on a different state.,vous / learner speaking,MODEL,je ne suis pas | en retard,new,,,,,,,,,
S-L03-15,L3,F-NOT-STATE,Another state turned around (man speaking).,Je ne suis pas fatigué.,I'm not tired.,Another state turned around (man speaking).,vous / learner speaking,MODEL,je ne suis pas | fatigué,new,,,,,,,,,
S-L03-16,L3,F-REFUSE-STRONG,The full written form of a plain refusal.,Je ne veux pas.,I don't want to.,The full written form of a plain refusal.,vous / read or heard only,READ/LISTEN,je ne veux pas,new,,,,,,,,,
S-L03-17,L3,F-REFUSE-STRONG,Shown as a contrast: how it is usually said out loud.,Je veux pas.,I don't want to.,Shown as a contrast: how it is usually said out loud.,vous / shown as a comparison,CONTRAST,je veux pas,new,,,,,,,,,
S-L03-18,L3,F-OFFER,The offer you are going to turn down.,Vous voulez un café ?,Would you like a coffee?,The offer you are going to turn down.,vous / heard from the other person,INTERLOCUTOR,vous voulez | un café,new,,,,,,,,,
S-L03-19,L3,F-OFFER,"The same offer, shortened.",Un café ?,Coffee?,"The same offer, shortened.",vous / heard from the other person,INTERLOCUTOR,un café,"L1 pattern, recycled",,,,,,,,,
S-L03-20,L3,F-OFFER,The other offer.,Un thé ?,Tea?,The other offer.,vous / heard from the other person,INTERLOCUTOR,un thé,new,,,,,,,,,
S-L03-21,L3,F-ASK-LOCATE,The question that gets a no.,Vous êtes ici ?,Are you here?,The question that gets a no.,vous / heard from the other person,INTERLOCUTOR,vous êtes | ici,"L2, recycled",,,,,,,,,
S-L03-22,L3,F-ASK-PLACE,Someone checking the place with you.,C'est ici ?,Is it here?,Someone checking the place with you.,vous / heard from the other person,INTERLOCUTOR,c'est | ici,new,,,,,,,,,
S-L03-23,L3,F-REASSURE,"Now something you can take apart, not just recognise.",Ce n'est pas grave.,It's fine.,"Now something you can take apart, not just recognise.",vous / read or heard only,READ/LISTEN,ce n'est pas grave,"L2, recycled",,,,,,,,,
S-L03-24,L3,F-REASSURE,The usual reply to a refusal.,Pas de problème.,No problem.,The usual reply to a refusal.,vous / heard from the other person,INTERLOCUTOR,pas de problème,new,,,,,,,,,
S-L03-25,L3,F-AMBIENT,Heard when someone accepts your no.,D'accord.,All right.,Heard when someone accepts your no.,vous / heard from the other person,INTERLOCUTOR,d'accord,new,,,,,,,,,
S-L03-26,L3,F-AMBIENT,"The same, with the beat of understanding in front.","Ah, d'accord.","Ah, all right.","The same, with the beat of understanding in front.",vous / heard from the other person,INTERLOCUTOR,d'accord,new,,,,,,,,,
S-L03-27,L3,F-AMBIENT,Heard constantly; understood long before it is used.,Ça va.,It's fine / I'm fine.,Heard constantly; understood long before it is used.,vous / read or heard only,READ/LISTEN,ça va,new,,,,,,,,,
S-L03-28,L3,F-REFUSE,One natural way to refuse warmly.,"Non, merci, ça va.","No thanks, I'm fine.",One natural way to refuse warmly.,vous / learner speaking,MODEL,non | merci | ça va,new,,,,,,,,,
S-L03-29,L3,F-REPAIR,Answering a check with an honest no.,"Non, je ne comprends pas.","No, I don't understand.",Answering a check with an honest no.,vous / learner speaking,MODEL,non | je ne comprends pas,new,,,,,,,,,
S-L03-30,L3,F-NOT-THE-PLACE,Correcting someone politely.,"Excusez-moi, ce n'est pas ici.","Excuse me, it's not here.",Correcting someone politely.,vous / learner speaking,MODEL,excusez-moi | ce n'est pas | ici,new,,,,,,,,,
S-L04-01,L4,F-HUNGRY,Past noon and you have not eaten.,J'ai faim.,I'm hungry.,Past noon and you have not eaten.,vous / learner speaking,PRODUCE,j'ai | faim,shipped L4,,,,,,,,,
S-L04-02,L4,F-THIRSTY,A long afternoon with nothing to drink.,J'ai soif.,I'm thirsty.,A long afternoon with nothing to drink.,vous / learner speaking,PRODUCE,j'ai | soif,new,,,,,,,,,
S-L04-03,L4,F-QUESTION,You came with one thing to ask.,J'ai une question.,I have a question.,You came with one thing to ask.,vous / learner speaking,PRODUCE,j'ai | une question,shipped L4,,,,,,,,,
S-L04-04,L4,F-QUESTION,"Greeting first, then opening your question.","Bonjour, j'ai une question.","Hello, I have a question.","Greeting first, then opening your question.",vous / learner speaking,PRODUCE,bonjour | j'ai | une question,shipped L4,,,,,,,,,
S-L04-05,L4,F-QUESTION,Nobody has looked up yet.,"Excusez-moi, j'ai une question.","Excuse me, I have a question.",Nobody has looked up yet.,vous / learner speaking,PRODUCE,excusez-moi | j'ai | une question,new,,,,,,,,,
S-L04-06,L4,F-IDEA,Something has stalled and you can see a way through.,J'ai une idée.,I have an idea.,Something has stalled and you can see a way through.,vous / learner speaking,SUPPORTED,j'ai | une idée,new,,,,,,,,,
S-L04-07,L4,F-ASK-STATE,Someone asks you for a way forward.,Vous avez une idée ?,Do you have an idea?,Someone asks you for a way forward.,vous / heard from the other person,INTERLOCUTOR,vous avez | une idée,new,,,,,,,,,
S-L04-08,L4,F-QUESTION,Softening the ask with the formula you own.,"J'ai une question, s'il vous plaît.","I have a question, please.",Softening the ask with the formula you own.,vous / learner speaking,ACCEPTED ALTERNATIVE,j'ai | une question | s'il vous plaît,new,,,,,,,,,
S-L04-09,L4,F-BODY,Shown as an example: the pattern reaches further.,J'ai froid.,I'm cold.,Shown as an example: the pattern reaches further.,vous / read or heard only,READ/LISTEN,j'ai | froid,new,,,,,,,,,
S-L04-10,L4,F-BODY,"Its opposite, shown beside it.",J'ai chaud.,I'm hot.,"Its opposite, shown beside it.",vous / read or heard only,READ/LISTEN,j'ai | chaud,new,,,,,,,,,
S-L04-11,L4,F-NOT-HUNGRY,"The wrap from the last lesson, on the new engine.",Je n'ai pas faim.,I'm not hungry.,"The wrap from the last lesson, on the new engine.",vous / learner speaking,MODEL,je n'ai pas | faim,new,,,,,,,,,
S-L04-12,L4,F-ENGINE-CONTRAST,"Shown beside J'ai faim: two engines, two jobs.",Je suis ici.,I'm here.,"Shown beside J'ai faim: two engines, two jobs.",vous / shown as a comparison,CONTRAST,je suis | ici,"L2, recycled",,,,,,,,,
S-L04-13,L4,F-ENGINE-CONTRAST,"Two feelings, split across the two engines.","Je suis fatigué, et j'ai faim.","I'm tired, and I'm hungry.","Two feelings, split across the two engines.",vous / read or heard only,READ/LISTEN,je suis | fatigué | j'ai | faim,new,,,,,,,,,
S-L04-14,L4,F-QUESTION,One natural way to make the ask lighter.,J'ai une petite question.,I have a small question.,One natural way to make the ask lighter.,vous / learner speaking,MODEL,j'ai | une petite question,new,,,,,,,,,
S-L04-15,L4,F-ASK-STATE,Someone asks you first.,Vous avez faim ?,Are you hungry?,Someone asks you first.,vous / heard from the other person,INTERLOCUTOR,vous avez | faim,new,,,,,,,,,
S-L04-16,L4,F-ASK-STATE,The same question about drinking.,Vous avez soif ?,Are you thirsty?,The same question about drinking.,vous / heard from the other person,INTERLOCUTOR,vous avez | soif,new,,,,,,,,,
S-L04-17,L4,F-ASK-STATE,They notice you waiting.,Vous avez une question ?,Do you have a question?,They notice you waiting.,vous / heard from the other person,INTERLOCUTOR,vous avez | une question,new,,,,,,,,,
S-L04-18,L4,F-ASK-STATE,"The same thing, shortened.",Une question ?,A question?,"The same thing, shortened.",vous / heard from the other person,INTERLOCUTOR,une question,new,,,,,,,,,
S-L04-19,L4,F-AMBIENT,The invitation to go ahead.,Dites-moi.,Tell me.,The invitation to go ahead.,vous / heard from the other person,INTERLOCUTOR,dites-moi,new,,,,,,,,,
S-L04-20,L4,F-AMBIENT,A slightly warmer version of the same invitation.,Je vous écoute.,I'm listening.,A slightly warmer version of the same invitation.,vous / heard from the other person,INTERLOCUTOR,je vous écoute,new,,,,,,,,,
S-L04-21,L4,F-AMBIENT,Heard when it is your turn to speak.,Allez-y.,Go ahead.,Heard when it is your turn to speak.,vous / heard from the other person,INTERLOCUTOR,allez-y,new,,,,,,,,,
S-L04-22,L4,F-AMBIENT,The easy yes to a request.,Bien sûr.,Of course.,The easy yes to a request.,vous / heard from the other person,INTERLOCUTOR,bien sûr,new,,,,,,,,,
S-L04-23,L4,F-HUNGRY,Someone agrees with you.,"Moi aussi, j'ai faim.","Me too, I'm hungry.",Someone agrees with you.,vous / heard from the other person,INTERLOCUTOR,j'ai | faim,new,,,,,,,,,
S-L04-24,L4,F-OFFER,The offer that answers your thirst.,Vous voulez un café ?,Would you like a coffee?,The offer that answers your thirst.,vous / heard from the other person,INTERLOCUTOR,vous voulez | un café,"L3, recycled",,,,,,,,,
S-L04-25,L4,F-STATE-TO-ASK,"A state, and the request it leads to.","Oui, j'ai soif. Je voudrais un café, s'il vous plaît.","Yes, I'm thirsty. I'd like a coffee, please.","A state, and the request it leads to.",vous / learner speaking,MODEL,oui | j'ai | soif | je voudrais | un café | s'il vous plaît,new,,,,,,,,,
S-L04-26,L4,F-NOT-THIRSTY,Turning the offer down with a reason.,"Non merci, je n'ai pas soif.","No thanks, I'm not thirsty.",Turning the offer down with a reason.,vous / learner speaking,MODEL,non merci | je n'ai pas | soif,new,,,,,,,,,
S-L04-27,L4,F-THIRSTY,Saying what you need before asking for it.,"Excusez-moi, j'ai soif.","Excuse me, I'm thirsty.",Saying what you need before asking for it.,vous / learner speaking,MODEL,excusez-moi | j'ai | soif,new,,,,,,,,,
S-L04-28,L4,F-REPAIR,Still there when the answer comes too fast.,Je ne comprends pas.,I don't understand.,Still there when the answer comes too fast.,vous / learner speaking,SUPPORTED,je ne comprends pas,"L1 seed, recycled",,,,,,,,,
S-L04-29,L4,F-REPAIR,The repeat request.,Vous pouvez répéter ?,Can you say that again?,The repeat request.,vous / learner speaking,SUPPORTED,vous pouvez répéter ?,"L1 seed, recycled",,,,,,,,,
S-L04-30,L4,F-THANKS,"The warmer thanks, once they have answered.",Merci beaucoup.,Thank you very much.,"The warmer thanks, once they have answered.",vous / learner speaking,MODEL,merci beaucoup,"L1 seed, recycled",,,,,,,,,
S-L05-01,L5,F-PKG-CAFE,"The drink and its little word, learned as one piece.",un café,a coffee,"The drink and its little word, learned as one piece.",vous / learner speaking,PRODUCE,un café,shipped L5,,,,,,,,,
S-L05-02,L5,F-PKG-QUESTION,"The other package, with the other little word.",une question,a question,"The other package, with the other little word.",vous / learner speaking,PRODUCE,une question,shipped L5,,,,,,,,,
S-L05-03,L5,F-PKG-THE,"A second un package, already met.",un thé,a tea,"A second un package, already met.",vous / learner speaking,SUPPORTED,un thé,"L1, recycled",,,,,,,,,
S-L05-04,L5,F-PKG-TABLE,A une package you can actually ask for.,une table,a table,A une package you can actually ask for.,vous / learner speaking,SUPPORTED,une table,new,,,,,,,,,
S-L05-05,L5,F-PKG-CROISSANT,The package heard at the counter in Lesson 1.,un croissant,a croissant,The package heard at the counter in Lesson 1.,vous / learner speaking,SUPPORTED,un croissant,"L1 ghost, produced here",,,,,,,,,
S-L05-06,L5,F-ASK-CAFE,The package inside a request.,Je voudrais un café.,I would like a coffee.,The package inside a request.,vous / learner speaking,PRODUCE,je voudrais | un café,shipped L5,,,,,,,,,
S-L05-07,L5,F-ASK-CAFE,"The same request, softened.","Je voudrais un café, s'il vous plaît.","I would like a coffee, please.","The same request, softened.",vous / learner speaking,PRODUCE,je voudrais | un café | s'il vous plaît,"L1, recycled",,,,,,,,,
S-L05-08,L5,F-PKG-QUESTION,The une package inside the engine you own.,J'ai une question.,I have a question.,The une package inside the engine you own.,vous / learner speaking,PRODUCE,j'ai | une question,shipped L5,,,,,,,,,
S-L05-09,L5,F-ASK-TABLE,You step into a small restaurant at lunchtime.,"Je voudrais une table, s'il vous plaît.","I would like a table, please.",You step into a small restaurant at lunchtime.,vous / learner speaking,PRODUCE,je voudrais | une table | s'il vous plaît,new,,,,,,,,,
S-L05-10,L5,F-ASK-CROISSANT,"Back at the counter, and this time you're hungry.","Je voudrais un croissant, s'il vous plaît.","I would like a croissant, please.","Back at the counter, and this time you're hungry.",vous / learner speaking,PRODUCE,je voudrais | un croissant | s'il vous plaît,new,,,,,,,,,
S-L05-11,L5,F-ASK-THE,"The tea order, back with the package in focus.","Je voudrais un thé, s'il vous plaît.","I would like a tea, please.","The tea order, back with the package in focus.",vous / learner speaking,PRODUCE,je voudrais | un thé | s'il vous plaît,"L1, recycled",,,,,,,,,
S-L05-12,L5,F-ASK-CAFE,The package on its own at a busy counter.,"Un café, s'il vous plaît.","A coffee, please.",The package on its own at a busy counter.,vous / learner speaking,PRODUCE,un café | s'il vous plaît,"L1 seed, recycled",,,,,,,,,
S-L05-13,L5,F-ASK-TABLE,The short version at the restaurant door.,"Une table, s'il vous plaît.","A table, please.",The short version at the restaurant door.,vous / learner speaking,ACCEPTED ALTERNATIVE,une table | s'il vous plaît,new,,,,,,,,,
S-L05-14,L5,F-ASK-CROISSANT,The short version at the counter.,"Un croissant, s'il vous plaît.","A croissant, please.",The short version at the counter.,vous / learner speaking,ACCEPTED ALTERNATIVE,un croissant | s'il vous plaît,new,,,,,,,,,
S-L05-15,L5,F-PKG-TRAP,Shown as a wrong option only; never accepted.,un question,(wrong package),Shown as a wrong option only; never accepted.,vous / shown as a comparison,CONTRAST,,shipped L5 trap,,,,,,,,,
S-L05-16,L5,F-PKG-TRAP,Shown as a wrong option only: the noun without its word.,question,question (on its own),Shown as a wrong option only: the noun without its word.,vous / shown as a comparison,CONTRAST,,shipped L5 trap,,,,,,,,,
S-L05-17,L5,F-ASK-CAFE,Two packages in one order.,"Je voudrais un café et un croissant, s'il vous plaît.","I'd like a coffee and a croissant, please.",Two packages in one order.,vous / learner speaking,MODEL,je voudrais | un café | un croissant | s'il vous plaît,new,,,,,,,,,
S-L05-18,L5,F-ASK-TABLE,Heard at the door; you only need to follow it.,"Une table pour deux, s'il vous plaît.","A table for two, please.",Heard at the door; you only need to follow it.,vous / read or heard only,READ/LISTEN,une table,new,,,,,,,,,
S-L05-19,L5,F-OFFER,The greeter meets you at the door.,Vous voulez une table ?,Would you like a table?,The greeter meets you at the door.,vous / heard from the other person,INTERLOCUTOR,vous voulez | une table,new,,,,,,,,,
S-L05-20,L5,F-OFFER,"The same question, shortened.",Une table ?,A table?,"The same question, shortened.",vous / heard from the other person,INTERLOCUTOR,une table,new,,,,,,,,,
S-L05-21,L5,F-OFFER,Being offered a choice.,Un café ou un thé ?,Coffee or tea?,Being offered a choice.,vous / heard from the other person,INTERLOCUTOR,un café | un thé,new,,,,,,,,,
S-L05-22,L5,F-AMBIENT,The line every French counter says.,Et avec ceci ?,Anything else?,The line every French counter says.,vous / heard from the other person,INTERLOCUTOR,et avec ceci ?,new,,,,,,,,,
S-L05-23,L5,F-AMBIENT,"The same check, more plainly.",C'est tout ?,Is that everything?,"The same check, more plainly.",vous / heard from the other person,INTERLOCUTOR,c'est tout ?,new,,,,,,,,,
S-L05-24,L5,F-AMBIENT,One natural way to close the order.,"Oui, c'est tout, merci.","Yes, that's everything, thank you.",One natural way to close the order.,vous / learner speaking,MODEL,oui | c'est tout ? | merci,new,,,,,,,,,
S-L05-25,L5,F-HANDOVER,"The handover, naming what it is.","Voilà, un café.","Here you are, one coffee.","The handover, naming what it is.",vous / heard from the other person,INTERLOCUTOR,voilà | un café,new,,,,,,,,,
S-L05-26,L5,F-HANDOVER,"The same handover, a little warmer.",Voilà votre café.,Here's your coffee.,"The same handover, a little warmer.",vous / heard from the other person,INTERLOCUTOR,voilà,new,,,,,,,,,
S-L05-27,L5,F-PKG-GHOST,"Another package, heard in passing.",un restaurant,a restaurant,"Another package, heard in passing.",vous / read or heard only,READ/LISTEN,un restaurant,new,,,,,,,,,
S-L05-28,L5,F-PKG-GHOST,A une package you will need later.,une maison,a house,A une package you will need later.,vous / read or heard only,READ/LISTEN,une maison,new,,,,,,,,,
S-L05-29,L5,F-THANKS,One natural way to accept what arrives.,"Merci, c'est parfait.","Thank you, that's perfect.",One natural way to accept what arrives.,vous / learner speaking,MODEL,merci,new,,,,,,,,,
S-L05-30,L5,F-REPAIR,Still there when the counter answers fast.,Je ne comprends pas.,I don't understand.,Still there when the counter answers fast.,vous / learner speaking,SUPPORTED,je ne comprends pas,"L1 seed, recycled",,,,,,,,,
S-L06-01,L6,F-CAFE-OPEN,You are at the door.,Bonjour.,Hello.,You are at the door.,vous / learner speaking,PRODUCE,bonjour,"L1 seed, recycled",,,,,,,,,
S-L06-02,L6,F-LOCATE,"Greeting, then placing yourself.","Bonjour, je suis ici.","Hello, I am here.","Greeting, then placing yourself.",vous / learner speaking,PRODUCE,bonjour | je suis | ici,shipped L6,,,,,,,,,
S-L06-03,L6,F-LOCATE,"Inside, once they look up.",Je suis ici.,I am here.,"Inside, once they look up.",vous / learner speaking,PRODUCE,je suis | ici,"L2, recycled",,,,,,,,,
S-L06-04,L6,F-QUESTION,The reason you came.,J'ai une question.,I have a question.,The reason you came.,vous / learner speaking,PRODUCE,j'ai | une question,"L4/L5, recycled",,,,,,,,,
S-L06-05,L6,F-QUESTION,Nobody has looked up yet.,"Excusez-moi, j'ai une question.","Excuse me, I have a question.",Nobody has looked up yet.,vous / learner speaking,PRODUCE,excusez-moi | j'ai | une question,new,,,,,,,,,
S-L06-06,L6,F-REFUSE,Someone offers you a coffee and you're fine.,Non merci.,No thanks.,Someone offers you a coffee and you're fine.,vous / learner speaking,PRODUCE,non merci,"L3, recycled",,,,,,,,,
S-L06-07,L6,F-REFUSE,Declining the offer and saying why you're there.,Non merci. J'ai une question.,No thanks. I have a question.,Declining the offer and saying why you're there.,vous / learner speaking,PRODUCE,non merci | j'ai | une question,new,,,,,,,,,
S-L06-08,L6,F-THANKS,Once they have helped.,Merci.,Thank you.,Once they have helped.,vous / learner speaking,PRODUCE,merci,"L1 seed, recycled",,,,,,,,,
S-L06-09,L6,F-CLOSE,The close of the moment.,Au revoir.,Goodbye.,The close of the moment.,vous / learner speaking,PRODUCE,au revoir,shipped L6,,,,,,,,,
S-L06-10,L6,F-CLOSE,Thanks and goodbye together.,"Merci, au revoir.","Thank you, goodbye.",Thanks and goodbye together.,vous / learner speaking,PRODUCE,merci | au revoir,shipped L6,,,,,,,,,
S-L06-11,L6,F-MOMENT,The three-beat arrival.,Bonjour. Je suis ici. J'ai une question.,Hello. I'm here. I have a question.,The three-beat arrival.,vous / learner speaking,PRODUCE,bonjour | je suis | ici | j'ai | une question,shipped L6,,,,,,,,,
S-L06-12,L6,F-MOMENT,"The whole moment, door to goodbye.",Bonjour. Je suis ici. J'ai une question. Merci. Au revoir.,Hello. I'm here. I have a question. Thank you. Goodbye.,"The whole moment, door to goodbye.",vous / learner speaking,PRODUCE,bonjour | je suis | ici | j'ai | une question | merci | au revoir,shipped L6,,,,,,,,,
S-L06-13,L6,F-MOMENT,The same moment with the middle beat left out.,Bonjour. J'ai une question. Merci. Au revoir.,Hello. I have a question. Thank you. Goodbye.,The same moment with the middle beat left out.,vous / learner speaking,ACCEPTED ALTERNATIVE,bonjour | j'ai | une question | merci | au revoir,shipped L6,,,,,,,,,
S-L06-14,L6,F-ARRIVAL,The same arrival on a day that went wrong.,"Bonjour. Excusez-moi, je suis en retard.","Hello. Excuse me, I'm late.",The same arrival on a day that went wrong.,vous / learner speaking,MODEL,bonjour | excusez-moi | je suis | en retard,new,,,,,,,,,
S-L06-15,L6,F-CLOSE,Closing when you know you are coming back.,"Merci, à bientôt.","Thank you, see you soon.",Closing when you know you are coming back.,vous / learner speaking,MODEL,merci | à bientôt,new,,,,,,,,,
S-L06-16,L6,F-CLOSE,The warmest of the three closes.,"Merci beaucoup, au revoir !","Thank you very much, goodbye!",The warmest of the three closes.,vous / learner speaking,MODEL,merci beaucoup | au revoir,"L1 seed, recycled",,,,,,,,,
S-L06-17,L6,F-CLOSE,The close with the address form added.,"Merci, au revoir, madame.","Thank you, goodbye, madam.",The close with the address form added.,vous / learner speaking,MODEL,merci | au revoir | madame,new,,,,,,,,,
S-L06-18,L6,F-ADDRESS,How you will be greeted at the door.,"Bonjour, madame.","Hello, madam.",How you will be greeted at the door.,vous / read or heard only,READ/LISTEN,madame,"L1 seed, recycled",,,,,,,,,
S-L06-19,L6,F-ADDRESS,How you will be sent off.,"Au revoir, monsieur.","Goodbye, sir.",How you will be sent off.,vous / read or heard only,READ/LISTEN,au revoir | monsieur,new,,,,,,,,,
S-L06-20,L6,F-GOODDAY,The close you will hear more than any other.,Bonne journée !,Have a good day!,The close you will hear more than any other.,vous / heard from the other person,INTERLOCUTOR,bonne journée,new,,,,,,,,,
S-L06-21,L6,F-GOODDAY,The two closes together.,"Bonne journée, au revoir !","Have a good day, goodbye!",The two closes together.,vous / learner speaking,MODEL,bonne journée | au revoir,new,,,,,,,,,
S-L06-22,L6,F-AMBIENT,Heard when you are expected back.,À bientôt.,See you soon.,Heard when you are expected back.,vous / heard from the other person,INTERLOCUTOR,à bientôt,new,,,,,,,,,
S-L06-23,L6,F-AMBIENT,They recognise you at the door.,"Ah, bonjour ! Entrez.","Ah, hello! Come in.",They recognise you at the door.,vous / heard from the other person,INTERLOCUTOR,bonjour | entrez,new,,,,,,,,,
S-L06-24,L6,F-ASK-LOCATE,Called through the door before you answer.,Vous êtes là ?,Are you there?,Called through the door before you answer.,vous / heard from the other person,INTERLOCUTOR,vous êtes | là,"L2, recycled",,,,,,,,,
S-L06-25,L6,F-OFFER,The offer you will decline.,Vous voulez un café ?,Would you like a coffee?,The offer you will decline.,vous / heard from the other person,INTERLOCUTOR,vous voulez | un café,"L3, recycled",,,,,,,,,
S-L06-26,L6,F-ASK-STATE,The easy yes when you open your question.,Une question ? Bien sûr.,A question? Of course.,The easy yes when you open your question.,vous / heard from the other person,INTERLOCUTOR,une question | bien sûr,new,,,,,,,,,
S-L06-27,L6,F-AMBIENT,The formal reply to your thanks.,Je vous en prie.,You're welcome.,The formal reply to your thanks.,vous / heard from the other person,INTERLOCUTOR,je vous en prie,new,,,,,,,,,
S-L06-28,L6,F-AMBIENT,The everyday reply to your thanks.,De rien.,It's nothing.,The everyday reply to your thanks.,vous / heard from the other person,INTERLOCUTOR,de rien,new,,,,,,,,,
S-L06-29,L6,F-AMBIENT,Heard as you are shown in.,Asseyez-vous.,Have a seat.,Heard as you are shown in.,vous / heard from the other person,INTERLOCUTOR,asseyez-vous,"L2, recycled",,,,,,,,,
S-L06-30,L6,F-REPAIR,"The recovery, in a room where people talk fast.",Je ne comprends pas. Vous pouvez répéter ?,I don't understand. Can you say that again?,"The recovery, in a room where people talk fast.",vous / learner speaking,SUPPORTED,je ne comprends pas | vous pouvez répéter ?,"L1 seed, recycled",,,,,,,,,
S-L06-31,L6,F-REPAIR,Interrupting to say you're lost.,"Excusez-moi, je ne comprends pas.","Excuse me, I don't understand.",Interrupting to say you're lost.,vous / learner speaking,SUPPORTED,excusez-moi | je ne comprends pas,"L1 seed, recycled",,,,,,,,,
S-L06-32,L6,F-HANDOVER,Heard as something is handed to you.,Voilà.,There we go.,Heard as something is handed to you.,vous / heard from the other person,INTERLOCUTOR,voilà,"L1 seed, recycled",,,,,,,,,
S-L07-01,L7,F-GO-HOME,The evening is winding down.,Je vais à la maison.,I'm going home.,The evening is winding down.,vous / learner speaking,PRODUCE,je vais | à la maison,shipped L7,,,,,,,,,
S-L07-02,L7,F-GO-CAFE,"Midday, and someone asks where you're off to.",Je vais au café.,I'm going to the café.,"Midday, and someone asks where you're off to.",vous / learner speaking,PRODUCE,je vais | au café,new,,,,,,,,,
S-L07-03,L7,F-LEAVE,"Saying where you're going, then leaving.",Je vais à la maison. Au revoir.,I'm going home. Goodbye.,"Saying where you're going, then leaving.",vous / learner speaking,PRODUCE,je vais | à la maison | au revoir,shipped L7,,,,,,,,,
S-L07-04,L7,F-LEAVE,The same two moves run together in one breath.,"Je vais à la maison, au revoir.","I'm going home, goodbye.",The same two moves run together in one breath.,vous / learner speaking,ACCEPTED ALTERNATIVE,je vais | à la maison | au revoir,shipped L7,,,,,,,,,
S-L07-05,L7,F-LEAVE,The gathering is ending and you take your leave.,Merci. Je vais à la maison. Au revoir.,Thank you. I'm going home. Goodbye.,The gathering is ending and you take your leave.,vous / learner speaking,PRODUCE,merci | je vais | à la maison | au revoir,shipped L7,,,,,,,,,
S-L07-06,L7,F-PKG-MAISON,"The destination, learned whole.",à la maison,home,"The destination, learned whole.",vous / learner speaking,SUPPORTED,à la maison,shipped L7,,,,,,,,,
S-L07-07,L7,F-PKG-AUCAFE,"A second destination, learned the same way.",au café,to the café,"A second destination, learned the same way.",vous / learner speaking,SUPPORTED,au café,new,,,,,,,,,
S-L07-08,L7,F-GO-GHOST,"A third destination, heard only.",Je vais au restaurant.,I'm going to the restaurant.,"A third destination, heard only.",vous / read or heard only,READ/LISTEN,je vais | un restaurant,new,,,,,,,,,
S-L07-09,L7,F-NOT-GO,"The wrap you own, on the new engine.",Je ne vais pas à la maison.,I'm not going home.,"The wrap you own, on the new engine.",vous / learner speaking,MODEL,je ne vais pas | à la maison,new,,,,,,,,,
S-L07-10,L7,F-ENGINE-CONTRAST,"Shown beside Je vais à la maison: being there, not heading there.",Je suis à la maison.,I'm at home.,"Shown beside Je vais à la maison: being there, not heading there.",vous / shown as a comparison,CONTRAST,je suis | à la maison,new,,,,,,,,,
S-L07-11,L7,F-GO-GHOST,The shortest way to say you're leaving; heard only.,J'y vais.,I'm off.,The shortest way to say you're leaving; heard only.,vous / read or heard only,READ/LISTEN,j'y vais,new,,,,,,,,,
S-L07-12,L7,F-GO-GHOST,Said by someone else as the group moves.,On y va.,Let's go.,Said by someone else as the group moves.,vous / heard from the other person,INTERLOCUTOR,on y va,new,,,,,,,,,
S-L07-13,L7,F-ASK-GO,The question your sentence answers.,Vous allez où ?,Where are you going?,The question your sentence answers.,vous / heard from the other person,INTERLOCUTOR,vous allez | où,new,,,,,,,,,
S-L07-14,L7,F-ASK-GO,"The same question, guessing the answer.",Vous allez à la maison ?,Are you going home?,"The same question, guessing the answer.",vous / heard from the other person,INTERLOCUTOR,vous allez | à la maison,new,,,,,,,,,
S-L07-15,L7,F-ASK-GO,Noticed as you pick up your coat.,Vous partez ?,Are you leaving?,Noticed as you pick up your coat.,vous / heard from the other person,INTERLOCUTOR,,new,,,,,,,,,
S-L07-16,L7,F-AMBIENT,The mild surprise that follows.,Déjà ?,Already?,The mild surprise that follows.,vous / heard from the other person,INTERLOCUTOR,,new,,,,,,,,,
S-L07-17,L7,F-AMBIENT,Someone heading out asks you along.,Vous venez ?,Are you coming?,Someone heading out asks you along.,vous / heard from the other person,INTERLOCUTOR,,new,,,,,,,,,
S-L07-18,L7,F-GOODDAY,The evening version of the goodbye you know.,Bonne soirée !,Have a good evening!,The evening version of the goodbye you know.,vous / heard from the other person,INTERLOCUTOR,bonne soirée,new,,,,,,,,,
S-L07-19,L7,F-GOODDAY,The daytime version.,Bonne journée !,Have a good day!,The daytime version.,vous / heard from the other person,INTERLOCUTOR,bonne journée,"L6, recycled",,,,,,,,,
S-L07-20,L7,F-AMBIENT,Heard when you say you're heading home.,Bonne route !,Safe trip!,Heard when you say you're heading home.,vous / heard from the other person,INTERLOCUTOR,bonne route,new,,,,,,,,,
S-L07-21,L7,F-AMBIENT,Said when you'll be back the next day.,À demain.,See you tomorrow.,Said when you'll be back the next day.,vous / heard from the other person,INTERLOCUTOR,à demain,new,,,,,,,,,
S-L07-22,L7,F-AMBIENT,Said when the next time is vaguer.,À bientôt.,See you soon.,Said when the next time is vaguer.,vous / heard from the other person,INTERLOCUTOR,à bientôt,"L6, recycled",,,,,,,,,
S-L07-23,L7,F-LEAVE,One natural way to close a working day.,"Au revoir, à demain !","Goodbye, see you tomorrow!",One natural way to close a working day.,vous / learner speaking,MODEL,au revoir | à demain,new,,,,,,,,,
S-L07-24,L7,F-CLOSE,The warmer close you already know.,Merci beaucoup. Au revoir.,Thank you very much. Goodbye.,The warmer close you already know.,vous / learner speaking,MODEL,merci beaucoup | au revoir,"L6, recycled",,,,,,,,,
S-L07-25,L7,F-LEAVE,Turning down one last coffee.,"Non merci, je vais à la maison.","No thanks, I'm going home.",Turning down one last coffee.,vous / learner speaking,MODEL,non merci | je vais | à la maison,new,,,,,,,,,
S-L07-26,L7,F-LEAVE,Leaving a conversation that is still going.,"Excusez-moi, je vais à la maison.","Excuse me, I'm going home.",Leaving a conversation that is still going.,vous / learner speaking,MODEL,excusez-moi | je vais | à la maison,new,,,,,,,,,
S-L07-27,L7,F-LEAVE,"The reason, then the move.",Je suis fatigué. Je vais à la maison.,I'm tired. I'm going home.,"The reason, then the move.",vous / learner speaking,MODEL,je suis | fatigué | je vais | à la maison,new,,,,,,,,,
S-L07-28,L7,F-BREAK-ANNOUNCE,Heard now; you will say it yourself next lesson.,Je vais faire une pause.,I'm going to take a break.,Heard now; you will say it yourself next lesson.,vous / read or heard only,READ/LISTEN,je vais | faire une pause,preview of L9,,,,,,,,,
S-L07-29,L7,F-REPAIR,Still there when the goodbyes come fast.,Je ne comprends pas.,I don't understand.,Still there when the goodbyes come fast.,vous / learner speaking,SUPPORTED,je ne comprends pas,"L1 seed, recycled",,,,,,,,,
S-L07-30,L7,F-CLOSE,"On its own, at the door.",Au revoir.,Goodbye.,"On its own, at the door.",vous / learner speaking,PRODUCE,au revoir,"L1 seed, recycled",,,,,,,,,
S-L08-01,L8,F-WHERE,You're looking for a room and can't see it.,C'est où ?,Where is it?,You're looking for a room and can't see it.,vous / learner speaking,PRODUCE,c'est | où,shipped L8,,,,,,,,,
S-L08-02,L8,F-HERE,Now you're the one who knows.,C'est ici.,It's here.,Now you're the one who knows.,vous / learner speaking,PRODUCE,c'est | ici,shipped L8,,,,,,,,,
S-L08-03,L8,F-HERE,"The same answer, pointing a little further.",C'est là.,It's there.,"The same answer, pointing a little further.",vous / learner speaking,PRODUCE,c'est | là,new,,,,,,,,,
S-L08-04,L8,F-WHERE-NAMED,"Naming the thing first, then asking.","Le café, c'est où ?","The café, where is it?","Naming the thing first, then asking.",vous / learner speaking,PRODUCE,le café | c'est | où,"shipped L8 example, produced here",,,,,,,,,
S-L08-05,L8,F-NOT-THE-PLACE,Answering a where-question honestly.,Ce n'est pas ici.,It's not here.,Answering a where-question honestly.,vous / learner speaking,PRODUCE,ce n'est pas | ici,"L3, recycled",,,,,,,,,
S-L08-06,L8,F-WHERE,Opening politely before you ask.,"Bonjour, c'est où ?","Hello, where is it?",Opening politely before you ask.,vous / learner speaking,PRODUCE,bonjour | c'est | où,shipped L8,,,,,,,,,
S-L08-07,L8,F-WHERE,Stopping a stranger in a corridor.,"Excusez-moi, c'est où ?","Excuse me, where is it?",Stopping a stranger in a corridor.,vous / learner speaking,PRODUCE,excusez-moi | c'est | où,new,,,,,,,,,
S-L08-08,L8,F-CHUNK-OU,The one word that turns a statement into a question.,où,where,The one word that turns a statement into a question.,vous / learner speaking,SUPPORTED,où,shipped L8,,,,,,,,,
S-L08-09,L8,F-CHUNK-CEST,The frame that carries both the question and the answer.,c'est,it is / this is,The frame that carries both the question and the answer.,vous / learner speaking,SUPPORTED,c'est,shipped L8,,,,,,,,,
S-L08-10,L8,F-WHERE-NAMED,The full polite version of the ask.,"Excusez-moi, le café c'est où, s'il vous plaît ?","Excuse me, where's the café, please?",The full polite version of the ask.,vous / learner speaking,MODEL,excusez-moi | le café | c'est | où | s'il vous plaît,new,,,,,,,,,
S-L08-11,L8,F-WHERE-NAMED,The same pattern with a different place.,"La maison, c'est où ?","The house, where is it?",The same pattern with a different place.,vous / read or heard only,READ/LISTEN,c'est | où,new,,,,,,,,,
S-L08-12,L8,F-WHERE-NAMED,"The question you will need first, heard here.","Les toilettes, c'est où ?",Where are the toilets?,"The question you will need first, heard here.",vous / read or heard only,READ/LISTEN,c'est | où,new,,,,,,,,,
S-L08-13,L8,F-WHERE-NAMED,"Shown as a contrast: the fuller, more written way to ask.",Où est le café ?,Where is the café?,"Shown as a contrast: the fuller, more written way to ask.",vous / shown as a comparison,CONTRAST,où | le café,new,,,,,,,,,
S-L08-14,L8,F-HERE,Confirming when someone asks you.,"Oui, c'est ici.","Yes, it's here.",Confirming when someone asks you.,vous / learner speaking,PRODUCE,oui | c'est | ici,new,,,,,,,,,
S-L08-15,L8,F-NOT-THE-PLACE,The other half of the same answer.,"Non, ce n'est pas ici.","No, it's not here.",The other half of the same answer.,vous / learner speaking,MODEL,non | ce n'est pas | ici,"L3, recycled",,,,,,,,,
S-L08-16,L8,F-DIRECTIONS,The answer you will get most often.,C'est là-bas.,It's over there.,The answer you will get most often.,vous / heard from the other person,INTERLOCUTOR,c'est | là-bas,new,,,,,,,,,
S-L08-17,L8,F-DIRECTIONS,"The same answer, with a gesture.",C'est par là.,It's that way.,"The same answer, with a gesture.",vous / heard from the other person,INTERLOCUTOR,c'est | par là,new,,,,,,,,,
S-L08-18,L8,F-DIRECTIONS,Someone walks you towards it.,Par ici.,This way.,Someone walks you towards it.,vous / heard from the other person,INTERLOCUTOR,par ici,"L2, recycled",,,,,,,,,
S-L08-19,L8,F-DIRECTIONS,Part of the answer you must be able to follow.,À droite.,On the right.,Part of the answer you must be able to follow.,vous / heard from the other person,INTERLOCUTOR,à droite,new,,,,,,,,,
S-L08-20,L8,F-DIRECTIONS,Its opposite.,À gauche.,On the left.,Its opposite.,vous / heard from the other person,INTERLOCUTOR,à gauche,new,,,,,,,,,
S-L08-21,L8,F-DIRECTIONS,The third direction you will hear.,Tout droit.,Straight ahead.,The third direction you will hear.,vous / heard from the other person,INTERLOCUTOR,tout droit,new,,,,,,,,,
S-L08-22,L8,F-DIRECTIONS,Heard inside a building.,C'est au fond.,It's at the back.,Heard inside a building.,vous / heard from the other person,INTERLOCUTOR,c'est | au fond,new,,,,,,,,,
S-L08-23,L8,F-OFFER-HELP,Someone notices you standing lost.,Vous cherchez quelque chose ?,Are you looking for something?,Someone notices you standing lost.,vous / heard from the other person,INTERLOCUTOR,,new,,,,,,,,,
S-L08-24,L8,F-OFFER-HELP,"The same offer, more directly.",Je peux vous aider ?,Can I help you?,"The same offer, more directly.",vous / heard from the other person,INTERLOCUTOR,je peux vous aider ?,new,,,,,,,,,
S-L08-25,L8,F-ASK-LOCATE,Asked on the phone when you can't be found.,Vous êtes où ?,Where are you?,Asked on the phone when you can't be found.,vous / heard from the other person,INTERLOCUTOR,vous êtes | où,new,,,,,,,,,
S-L08-26,L8,F-AMBIENT,The honest answer you will sometimes get.,Je ne sais pas.,I don't know.,The honest answer you will sometimes get.,vous / heard from the other person,INTERLOCUTOR,je ne sais pas,new,,,,,,,,,
S-L08-27,L8,F-REPAIR,Directions come fast; this is the way out.,Je ne comprends pas. Vous pouvez répéter ?,I don't understand. Can you say that again?,Directions come fast; this is the way out.,vous / learner speaking,SUPPORTED,je ne comprends pas | vous pouvez répéter ?,"L1 seed, recycled",,,,,,,,,
S-L08-28,L8,F-REPAIR,Stopping the directions politely.,"Excusez-moi, je ne comprends pas.","Excuse me, I don't understand.",Stopping the directions politely.,vous / learner speaking,SUPPORTED,excusez-moi | je ne comprends pas,"L1 seed, recycled",,,,,,,,,
S-L08-29,L8,F-THANKS,Once you have been pointed the right way.,Merci beaucoup !,Thank you very much!,Once you have been pointed the right way.,vous / learner speaking,MODEL,merci beaucoup,"L1 seed, recycled",,,,,,,,,
S-L08-30,L8,F-WHERE,The softened version of the bare question.,"C'est où, s'il vous plaît ?","Where is it, please?",The softened version of the bare question.,vous / learner speaking,ACCEPTED ALTERNATIVE,c'est | où | s'il vous plaît,new,,,,,,,,,
S-L09-01,L9,F-ASK-BREAK,The afternoon has been long.,Je voudrais faire une pause.,I'd like to take a break.,The afternoon has been long.,vous / learner speaking,PRODUCE,je voudrais | faire une pause,shipped L9,,,,,,,,,
S-L09-02,L9,F-ASK-BREAK,"The same ask, softened.","Je voudrais faire une pause, s'il vous plaît.","I'd like to take a break, please.","The same ask, softened.",vous / learner speaking,PRODUCE,je voudrais | faire une pause | s'il vous plaît,shipped L9,,,,,,,,,
S-L09-03,L9,F-ASK-BREAK,Asking for the break itself rather than the act.,Je voudrais une pause.,I'd like a break.,Asking for the break itself rather than the act.,vous / learner speaking,ACCEPTED ALTERNATIVE,je voudrais | une pause,shipped L9 reveal,,,,,,,,,
S-L09-04,L9,F-ASK-BREAK,The others are mid-conversation and you need to stop.,"Excusez-moi, je voudrais faire une pause.","Excuse me, I'd like to take a break.",The others are mid-conversation and you need to stop.,vous / learner speaking,PRODUCE,excusez-moi | je voudrais | faire une pause,new,,,,,,,,,
S-L09-05,L9,F-BREAK-ANNOUNCE,Telling them rather than asking them.,Je vais faire une pause.,I'm going to take a break.,Telling them rather than asking them.,vous / learner speaking,PRODUCE,je vais | faire une pause,new,,,,,,,,,
S-L09-06,L9,F-CHUNK-PAUSE,"The action, learned as one piece.",faire une pause,to take a break,"The action, learned as one piece.",vous / learner speaking,SUPPORTED,faire une pause,shipped L9,,,,,,,,,
S-L09-07,L9,F-CHUNK-PAUSE,"The thing itself, beside the action.",une pause,a break,"The thing itself, beside the action.",vous / learner speaking,SUPPORTED,une pause,shipped L9,,,,,,,,,
S-L09-08,L9,F-ASK-CAFE,"Shown beside the break: one engine, a thing and an action.",Je voudrais un café.,I'd like a coffee.,"Shown beside the break: one engine, a thing and an action.",vous / learner speaking,PRODUCE,je voudrais | un café,"L1/L5, recycled",,,,,,,,,
S-L09-09,L9,F-REFUSE-BREAK,"The refusal, shown rather than asked for.",Je ne veux pas faire une pause.,I don't want to take a break.,"The refusal, shown rather than asked for.",vous / read or heard only,READ/LISTEN,je ne veux pas | faire une pause,new,,,,,,,,,
S-L09-10,L9,F-SUGGEST-BREAK,Suggesting it to the group; heard here.,On fait une pause ?,Shall we take a break?,Suggesting it to the group; heard here.,vous / read or heard only,READ/LISTEN,on fait une pause ?,new,,,,,,,,,
S-L09-11,L9,F-SUGGEST-BREAK,"The decision, once it's made.",On fait une pause.,We're taking a break.,"The decision, once it's made.",vous / heard from the other person,INTERLOCUTOR,on fait une pause ?,new,,,,,,,,,
S-L09-12,L9,F-ASK-BREAK,"The reason, then the ask.",Je suis fatigué. Je voudrais faire une pause.,I'm tired. I'd like to take a break.,"The reason, then the ask.",vous / learner speaking,MODEL,je suis | fatigué | je voudrais | faire une pause,new,,,,,,,,,
S-L09-13,L9,F-STATE-TO-ASK,"A state, and the request it leads to.","J'ai soif. Je voudrais un café, s'il vous plaît.","I'm thirsty. I'd like a coffee, please.","A state, and the request it leads to.",vous / learner speaking,MODEL,j'ai | soif | je voudrais | un café | s'il vous plaît,"L4, recycled",,,,,,,,,
S-L09-14,L9,F-ASK-BREAK,One natural way to say when.,Je voudrais faire une pause maintenant.,I'd like to take a break now.,One natural way to say when.,vous / learner speaking,MODEL,je voudrais | faire une pause | maintenant,new,,,,,,,,,
S-L09-15,L9,F-ASK-BREAK,"The ask, closed politely.",Je voudrais faire une pause. Merci.,I'd like to take a break. Thank you.,"The ask, closed politely.",vous / learner speaking,MODEL,je voudrais | faire une pause | merci,new,,,,,,,,,
S-L09-16,L9,F-OFFER-BREAK,Someone offers before you have to ask.,Vous voulez faire une pause ?,Would you like to take a break?,Someone offers before you have to ask.,vous / heard from the other person,INTERLOCUTOR,vous voulez | faire une pause,new,,,,,,,,,
S-L09-17,L9,F-ASK-STATE,They notice before you say anything.,Vous êtes fatigué ?,Are you tired?,They notice before you say anything.,vous / heard from the other person,INTERLOCUTOR,vous êtes | fatigué,new,,,,,,,,,
S-L09-18,L9,F-ASK-STATE,The other thing they might notice.,Vous avez soif ?,Are you thirsty?,The other thing they might notice.,vous / heard from the other person,INTERLOCUTOR,vous avez | soif,"L4, recycled",,,,,,,,,
S-L09-19,L9,F-OFFER,The offer that usually follows.,Un café ?,Coffee?,The offer that usually follows.,vous / heard from the other person,INTERLOCUTOR,un café,"L1/L3, recycled",,,,,,,,,
S-L09-20,L9,F-AMBIENT,How long the break is going to be.,Cinq minutes ?,Five minutes?,How long the break is going to be.,vous / heard from the other person,INTERLOCUTOR,cinq minutes,new,,,,,,,,,
S-L09-21,L9,F-AMBIENT,The warm agreement to your suggestion.,Bonne idée !,Good idea!,The warm agreement to your suggestion.,vous / heard from the other person,INTERLOCUTOR,bonne idée,new,,,,,,,,,
S-L09-22,L9,F-AMBIENT,The plain agreement.,D'accord.,All right.,The plain agreement.,vous / heard from the other person,INTERLOCUTOR,d'accord,"L3, recycled",,,,,,,,,
S-L09-23,L9,F-REASSURE,The easy yes.,Pas de problème.,No problem.,The easy yes.,vous / heard from the other person,INTERLOCUTOR,pas de problème,"L3, recycled",,,,,,,,,
S-L09-24,L9,F-AMBIENT,Heard as things are rescheduled.,Après la pause.,After the break.,Heard as things are rescheduled.,vous / heard from the other person,INTERLOCUTOR,,new,,,,,,,,,
S-L09-25,L9,F-AMBIENT,Asked when you look like you need to stop.,Ça va ?,Are you all right?,Asked when you look like you need to stop.,vous / heard from the other person,INTERLOCUTOR,ça va ?,new,,,,,,,,,
S-L09-26,L9,F-AMBIENT,One natural way to answer it.,"Ça va, merci.","I'm fine, thank you.",One natural way to answer it.,vous / learner speaking,MODEL,ça va | merci,new,,,,,,,,,
S-L09-27,L9,F-REFUSE,Turning down the break itself.,"Non merci, ça va.","No thanks, I'm fine.",Turning down the break itself.,vous / learner speaking,MODEL,non merci | ça va,"L3, recycled",,,,,,,,,
S-L09-28,L9,F-ACCEPT,Accepting the offer of a break.,"Oui, merci.","Yes, thank you.",Accepting the offer of a break.,vous / learner speaking,PRODUCE,oui | merci,"L3, recycled",,,,,,,,,
S-L09-29,L9,F-REPAIR,Still there when the plan changes fast.,Je ne comprends pas.,I don't understand.,Still there when the plan changes fast.,vous / learner speaking,SUPPORTED,je ne comprends pas,"L1 seed, recycled",,,,,,,,,
S-L09-30,L9,F-REPAIR,The repeat request.,Vous pouvez répéter ?,Can you say that again?,The repeat request.,vous / learner speaking,SUPPORTED,vous pouvez répéter ?,"L1 seed, recycled",,,,,,,,,
S-L10-01,L10,F-WHERE,"Morning, first time in the building.",Bonjour. C'est où ?,Hello. Where is it?,"Morning, first time in the building.",vous / learner speaking,PRODUCE,bonjour | c'est | où,shipped L10,,,,,,,,,
S-L10-02,L10,F-WHERE,The same opening run as one turn.,"Bonjour, c'est où ?","Hello, where is it?",The same opening run as one turn.,vous / learner speaking,ACCEPTED ALTERNATIVE,bonjour | c'est | où,shipped L10,,,,,,,,,
S-L10-03,L10,F-WHERE-NAMED,Looking for somewhere to sit at midday.,"Excusez-moi, le café c'est où ?","Excuse me, where's the café?",Looking for somewhere to sit at midday.,vous / learner speaking,MODEL,excusez-moi | le café | c'est | où,"L8, recycled",,,,,,,,,
S-L10-04,L10,F-REPAIR,They answered fast and you caught almost none of it.,"Excusez-moi, je ne comprends pas. Vous pouvez répéter ?","Excuse me, I don't understand. Can you say that again?",They answered fast and you caught almost none of it.,vous / learner speaking,PRODUCE,excusez-moi | je ne comprends pas | vous pouvez répéter ?,new,,,,,,,,,
S-L10-05,L10,F-REPAIR,The same recovery without the opener.,Je ne comprends pas. Vous pouvez répéter ?,I don't understand. Can you say that again?,The same recovery without the opener.,vous / learner speaking,ACCEPTED ALTERNATIVE,je ne comprends pas | vous pouvez répéter ?,"L1 seed, recycled",,,,,,,,,
S-L10-06,L10,F-LOCATE,Arriving where you are expected.,Bonjour. Je suis ici.,Hello. I'm here.,Arriving where you are expected.,vous / learner speaking,PRODUCE,bonjour | je suis | ici,"L2/L6, recycled",,,,,,,,,
S-L10-07,L10,F-LATE,The morning did not go to plan.,"Bonjour, je suis en retard.","Hello, I'm late.",The morning did not go to plan.,vous / learner speaking,PRODUCE,bonjour | je suis | en retard,"L2, recycled",,,,,,,,,
S-L10-08,L10,F-QUESTION,The thing you came to ask.,J'ai une question.,I have a question.,The thing you came to ask.,vous / learner speaking,PRODUCE,j'ai | une question,"L4/L5, recycled",,,,,,,,,
S-L10-09,L10,F-ASK-BREAK,"Midday, and you've been on your feet.",Je voudrais faire une pause.,I'd like to take a break.,"Midday, and you've been on your feet.",vous / learner speaking,PRODUCE,je voudrais | faire une pause,"L9, recycled",,,,,,,,,
S-L10-10,L10,F-ASK-BREAK,The reason and the ask together (man speaking).,Je suis fatigué. Je voudrais faire une pause.,I'm tired. I'd like to take a break.,The reason and the ask together (man speaking).,vous / learner speaking,MODEL,je suis | fatigué | je voudrais | faire une pause,"L9, recycled",,,,,,,,,
S-L10-11,L10,F-ASK-BREAK,"The same, when a woman says it.",Je suis fatiguée. Je voudrais faire une pause.,I'm tired. I'd like to take a break.,"The same, when a woman says it.",vous / learner speaking,MODEL,je suis | fatiguée | je voudrais | faire une pause,new,,,,,,,,,
S-L10-12,L10,F-STATE-TO-ASK,"The break, and what you do with it.","J'ai soif. Je voudrais un thé, s'il vous plaît.","I'm thirsty. I'd like a tea, please.","The break, and what you do with it.",vous / learner speaking,MODEL,j'ai | soif | je voudrais | un thé | s'il vous plaît,new,,,,,,,,,
S-L10-13,L10,F-ASK-CAFE,The order you have had since the first lesson.,"Je voudrais un café, s'il vous plaît.","I'd like a coffee, please.",The order you have had since the first lesson.,vous / learner speaking,PRODUCE,je voudrais | un café | s'il vous plaît,"L1 seed, recycled",,,,,,,,,
S-L10-14,L10,F-HERE,Now you can answer the question you asked this morning.,C'est ici.,It's here.,Now you can answer the question you asked this morning.,vous / learner speaking,PRODUCE,c'est | ici,"L8, recycled",,,,,,,,,
S-L10-15,L10,F-NOT-THE-PLACE,"The other answer, just as useful.","Non, ce n'est pas ici.","No, it's not here.","The other answer, just as useful.",vous / learner speaking,PRODUCE,non | ce n'est pas | ici,"L3/L8, recycled",,,,,,,,,
S-L10-16,L10,F-LEAVE,The end of your first full day.,Merci. Je vais à la maison. Au revoir.,Thank you. I'm going home. Goodbye.,The end of your first full day.,vous / learner speaking,PRODUCE,merci | je vais | à la maison | au revoir,"L7, recycled",,,,,,,,,
S-L10-17,L10,F-LEAVE,"The same leaving, without the thanks.",Je vais à la maison. Au revoir.,I'm going home. Goodbye.,"The same leaving, without the thanks.",vous / learner speaking,ACCEPTED ALTERNATIVE,je vais | à la maison | au revoir,"L7, recycled",,,,,,,,,
S-L10-18,L10,F-LEAVE,Turning down one last coffee at the door.,"Non merci, je vais à la maison.","No thanks, I'm going home.",Turning down one last coffee at the door.,vous / learner speaking,MODEL,non merci | je vais | à la maison,"L7, recycled",,,,,,,,,
S-L10-19,L10,F-CLOSE,The shortest complete exit.,"Merci, au revoir.","Thank you, goodbye.",The shortest complete exit.,vous / learner speaking,PRODUCE,merci | au revoir,"L1 seed, recycled",,,,,,,,,
S-L10-20,L10,F-CLOSE,"The warmest exit, back on the last day.","Merci beaucoup, au revoir !","Thank you very much, goodbye!","The warmest exit, back on the last day.",vous / learner speaking,MODEL,merci beaucoup | au revoir,"L1 seed, recycled",,,,,,,,,
S-L10-21,L10,F-LEAVE,Because you are coming back.,"Au revoir, à demain !","Goodbye, see you tomorrow!",Because you are coming back.,vous / learner speaking,MODEL,au revoir | à demain,"L7, recycled",,,,,,,,,
S-L10-22,L10,F-THANKS,One natural way to close a first day.,Merci pour tout.,Thanks for everything.,One natural way to close a first day.,vous / learner speaking,MODEL,merci pour tout,new,,,,,,,,,
S-L10-23,L10,F-ATTENTION,The opener that has worked all day.,Excusez-moi.,Excuse me.,The opener that has worked all day.,vous / learner speaking,SUPPORTED,excusez-moi,"L1 seed, recycled",,,,,,,,,
S-L10-24,L10,F-AMBIENT,Accepting an answer and closing the beat.,"D'accord, merci.","All right, thank you.",Accepting an answer and closing the beat.,vous / learner speaking,MODEL,d'accord | merci,new,,,,,,,,,
S-L10-25,L10,F-HELP-PREVIEW,Listen only — this one arrives next lesson.,Vous pouvez m'aider ?,Can you help me?,Listen only — this one arrives next lesson.,vous / read or heard only,READ/LISTEN,vous pouvez m'aider ?,shipped L10 preview,,,,,,,,,
S-L10-26,L10,F-OFFER-HELP,The same shape pointed the other way; heard today.,Je peux vous aider ?,Can I help you?,The same shape pointed the other way; heard today.,vous / heard from the other person,INTERLOCUTOR,je peux vous aider ?,"L8, recycled",,,,,,,,,
S-L10-27,L10,F-ASK-LOCATE,Called down a corridor as you arrive.,Bonjour ! Vous êtes là ?,Hello! Are you there?,Called down a corridor as you arrive.,vous / heard from the other person,INTERLOCUTOR,bonjour | vous êtes | là,"L2, recycled",,,,,,,,,
S-L10-28,L10,F-DIRECTIONS,The answer to your first question of the day.,C'est par là.,It's that way.,The answer to your first question of the day.,vous / heard from the other person,INTERLOCUTOR,c'est | par là,"L8, recycled",,,,,,,,,
S-L10-29,L10,F-SUGGEST-BREAK,Someone else suggests it first.,On fait une pause ?,Shall we take a break?,Someone else suggests it first.,vous / heard from the other person,INTERLOCUTOR,on fait une pause ?,"L9, recycled",,,,,,,,,
S-L10-30,L10,F-GOODDAY,Heard as you head out at midday.,Bonne journée !,Have a good day!,Heard as you head out at midday.,vous / heard from the other person,INTERLOCUTOR,bonne journée,"L6, recycled",,,,,,,,,
S-L10-31,L10,F-GOODDAY,Heard as you leave for the last time.,Bonne soirée !,Have a good evening!,Heard as you leave for the last time.,vous / heard from the other person,INTERLOCUTOR,bonne soirée,"L7, recycled",,,,,,,,,
S-L10-32,L10,F-AMBIENT,The last thing said to you.,À demain !,See you tomorrow!,The last thing said to you.,vous / heard from the other person,INTERLOCUTOR,à demain,"L7, recycled",,,,,,,,,
S-L10-33,L10,F-AMBIENT,The reply to your thanks at the door.,Je vous en prie.,You're welcome.,The reply to your thanks at the door.,vous / heard from the other person,INTERLOCUTOR,je vous en prie,"L6, recycled",,,,,,,,,
